"node_1,node_2"
"0,1427"
"0,16976"
"0,12029"
"0,3001"
"0,14581"
"0,14145"
"0,25564"
"1,26065"
"1,2514"
"1,16675"
"1,19675"
"1,34"
"1,19"
"1,2211"
"1,2003"
"1,1129"
"1,5011"
"1,24836"
"1,18843"
"1,10646"
"1,22658"
"1,6133"
"1,21695"
"1,23366"
"1,20208"
"1,26238"
"1,16152"
"1,24911"
"1,10314"
"1,17"
"1,12734"
"1,13802"
"1,19211"
"1,3153"
"1,24435"
"1,137"
"1,23544"
"1,25311"
"1,11706"
"1,28238"
"1,22673"
"1,329"
"1,15292"
"1,7618"
"1,8071"
"1,15355"
"1,3364"
"1,22616"
"1,8884"
"1,21365"
"1,19996"
"1,24213"
"1,16211"
"1,9264"
"1,18934"
"1,875"
"1,24342"
"1,2039"
"1,16374"
"1,5789"
"1,23558"
"1,2693"
"1,9051"
"1,25638"
"1,23019"
"1,2263"
"1,11329"
"1,215"
"1,6163"
"1,11558"
"1,349"
"1,20689"
"1,4069"
"1,951"
"1,14603"
"1,1422"
"1,26277"
"1,15057"
"1,22581"
"2,26177"
"2,9835"
"2,14276"
"2,10082"
"2,3354"
"2,18084"
"2,32"
"2,808"
"2,24576"
"3,3585"
"3,5607"
"3,9093"
"3,515"
"3,2428"
"3,12034"
"3,3421"
"3,16049"
"3,15401"
"4,1116"
"4,5252"
"4,16304"
"4,10838"
"4,24023"
"4,5203"
"4,14995"
"4,23757"
"4,17462"
"4,6347"
"4,24122"
"5,204"
"5,19454"
"5,13709"
"5,5786"
"5,2518"
"5,872"
"5,4081"
"5,2437"
"5,19435"
"5,1971"
"5,13491"
"5,22487"
"5,11385"
"5,19171"
"5,8775"
"5,14947"
"5,11958"
"5,14732"
"5,1178"
"5,28065"
"5,25982"
"5,2362"
"5,7224"
"5,27927"
"5,9798"
"5,23684"
"5,7029"
"5,8596"
"5,18753"
"5,14974"
"6,935"
"7,17761"
"7,5961"
"7,21431"
"7,13649"
"7,22775"
"7,24884"
"7,9443"
"8,10111"
"8,21633"
"8,21665"
"8,6268"
"8,15515"
"9,9375"
"9,2542"
"9,27562"
"10,6885"
"10,23165"
"10,19601"
"10,1676"
"10,18366"
"10,10619"
"10,3818"
"10,26716"
"10,16702"
"10,4711"
"11,25459"
"12,23475"
"12,18926"
"12,26124"
"12,8766"
"13,12855"
"13,19193"
"13,21577"
"13,22973"
"13,7626"
"13,1379"
"13,14835"
"13,1613"
"13,23372"
"13,25684"
"13,14832"
"14,25844"
"14,13556"
"14,5393"
"14,19287"
"14,103"
"14,16486"
"15,1197"
"16,2156"
"16,2349"
"16,8113"
"16,10711"
"17,19507"
"17,8426"
"17,24836"
"17,8149"
"17,34"
"17,871"
"17,9036"
"17,432"
"17,3343"
"17,17777"
"17,10051"
"17,11267"
"17,19949"
"17,1654"
"17,19211"
"17,20013"
"17,4069"
"17,45"
"17,27135"
"17,13333"
"17,2778"
"18,26476"
"18,19419"
"18,3197"
"18,4999"
"18,13222"
"18,18874"
"19,18591"
"20,14017"
"20,1489"
"20,2964"
"20,18732"
"20,12596"
"20,28169"
"20,11214"
"20,22656"
"20,11361"
"21,10379"
"21,25302"
"22,7659"
"22,25689"
"22,4877"
"22,2261"
"23,1773"
"23,18425"
"23,20108"
"23,15308"
"23,22104"
"23,28194"
"23,1007"
"23,3186"
"23,25545"
"23,729"
"23,2602"
"23,3667"
"23,21079"
"23,184"
"23,8818"
"23,221"
"23,26961"
"23,21377"
"23,26061"
"24,21525"
"24,24135"
"24,8948"
"24,22558"
"24,23719"
"24,199"
"24,12266"
"24,1544"
"25,23717"
"25,10553"
"25,22541"
"26,24468"
"26,11409"
"26,20664"
"27,18884"
"27,6282"
"28,5961"
"28,9706"
"28,84"
"28,1431"
"28,21771"
"28,101"
"28,507"
"29,175"
"29,1074"
"29,1658"
"29,793"
"29,13787"
"29,582"
"29,18761"
"30,19375"
"30,20172"
"30,18133"
"30,19467"
"30,4717"
"30,20523"
"31,18244"
"31,27099"
"31,23549"
"31,5536"
"31,2562"
"31,19445"
"31,27333"
"31,26861"
"31,24664"
"31,27496"
"31,6504"
"31,16287"
"31,26194"
"31,69"
"32,9035"
"32,8757"
"32,4399"
"32,10456"
"32,16734"
"32,2495"
"32,21483"
"32,14828"
"33,27821"
"33,5327"
"33,8096"
"33,19712"
"33,18679"
"33,21438"
"33,22416"
"33,5485"
"34,20689"
"34,19411"
"34,3343"
"34,19926"
"35,8781"
"35,16983"
"35,18626"
"35,9395"
"35,2015"
"36,22491"
"36,251"
"36,17782"
"37,15866"
"37,2454"
"38,9228"
"38,6079"
"38,12436"
"39,14687"
"39,17527"
"39,22714"
"39,11436"
"40,406"
"40,2841"
"40,10535"
"40,9095"
"40,24415"
"40,341"
"40,20724"
"41,21886"
"42,8799"
"43,11538"
"43,903"
"43,11484"
"43,1965"
"43,1321"
"43,27779"
"44,15561"
"45,18082"
"45,17599"
"45,6841"
"45,22164"
"45,20941"
"45,25992"
"45,5751"
"45,9231"
"46,2045"
"46,25638"
"46,10591"
"46,18949"
"46,26019"
"46,18197"
"47,26283"
"47,12423"
"47,10114"
"47,27488"
"47,15049"
"47,24934"
"47,18846"
"47,2094"
"47,20953"
"48,1049"
"48,9981"
"48,9343"
"48,5448"
"48,7832"
"48,2671"
"48,2173"
"48,882"
"48,22001"
"49,17836"
"49,8898"
"49,14731"
"49,25425"
"49,15312"
"49,11952"
"49,26244"
"49,7042"
"49,14636"
"49,2094"
"49,2024"
"49,9919"
"49,18015"
"50,2003"
"51,4893"
"51,18772"
"51,7162"
"51,25472"
"51,424"
"51,24461"
"51,2093"
"51,7423"
"51,5705"
"51,7956"
"52,8068"
"52,2214"
"52,2929"
"52,902"
"52,3871"
"52,9263"
"53,19033"
"53,23641"
"54,14976"
"54,2958"
"54,26364"
"54,23183"
"54,18082"
"54,20427"
"54,11599"
"55,17061"
"56,2386"
"56,25588"
"56,14287"
"56,13839"
"56,18061"
"56,25008"
"56,16856"
"56,16351"
"56,5747"
"56,27423"
"56,24242"
"57,25505"
"57,14871"
"57,1023"
"57,12511"
"58,9669"
"58,4422"
"58,27372"
"58,10072"
"59,1858"
"60,23309"
"60,2243"
"60,11867"
"60,19157"
"60,2482"
"61,22474"
"61,13707"
"62,27686"
"62,9795"
"62,12869"
"62,867"
"62,1878"
"62,10457"
"63,8044"
"63,17896"
"63,9646"
"64,20562"
"64,12632"
"64,20024"
"64,7396"
"65,2048"
"65,11134"
"65,782"
"65,17214"
"65,2017"
"65,17048"
"65,1083"
"65,8312"
"65,1535"
"66,3585"
"66,23874"
"67,21126"
"67,9569"
"67,22283"
"67,17075"
"67,693"
"67,22149"
"67,14901"
"67,24779"
"67,3872"
"67,23922"
"67,13405"
"67,1324"
"67,26497"
"67,14431"
"67,17543"
"68,1284"
"68,9903"
"68,17027"
"68,65"
"68,1206"
"68,16309"
"70,4161"
"70,21728"
"70,12253"
"70,496"
"70,23659"
"70,4021"
"70,20758"
"70,21473"
"70,867"
"70,6752"
"70,271"
"70,27998"
"71,22287"
"72,11948"
"72,28211"
"72,2517"
"73,5832"
"74,20587"
"74,4971"
"75,23722"
"75,27911"
"75,2774"
"75,22997"
"75,16982"
"76,17936"
"77,21497"
"77,102"
"77,3068"
"77,16126"
"78,15943"
"78,13241"
"78,26212"
"78,10444"
"78,18679"
"78,10564"
"78,1194"
"79,1771"
"79,1887"
"79,1519"
"79,1592"
"80,3955"
"81,87"
"81,2485"
"81,6182"
"81,2815"
"82,14519"
"83,13664"
"83,4619"
"84,1469"
"84,4802"
"84,19701"
"84,14092"
"84,13484"
"84,9736"
"84,24954"
"84,25265"
"84,1058"
"84,237"
"85,16709"
"86,881"
"86,3845"
"86,20377"
"86,15354"
"86,22271"
"86,26908"
"86,11134"
"86,7289"
"86,16071"
"86,28031"
"86,7414"
"86,357"
"86,26851"
"86,9065"
"86,18876"
"86,1613"
"86,8282"
"86,22005"
"86,656"
"86,2048"
"86,11897"
"86,9103"
"86,937"
"86,6821"
"86,4383"
"86,4849"
"86,5666"
"86,16618"
"86,13681"
"86,10012"
"86,20608"
"86,288"
"86,18653"
"86,19931"
"86,22461"
"86,19988"
"86,21733"
"86,24491"
"86,8756"
"87,1767"
"87,2485"
"87,20702"
"87,15786"
"88,21245"
"88,21359"
"88,18051"
"88,1842"
"88,13764"
"88,18324"
"88,20179"
"88,25848"
"88,14609"
"88,26113"
"89,15008"
"89,28238"
"89,22581"
"90,12787"
"90,11922"
"90,10348"
"90,24127"
"90,25559"
"90,21348"
"90,10275"
"91,15928"
"91,24164"
"91,2833"
"92,8746"
"92,217"
"92,9569"
"92,464"
"92,6587"
"92,12397"
"92,10755"
"92,5359"
"92,22254"
"92,17259"
"93,8769"
"93,16756"
"94,25178"
"95,9732"
"96,25433"
"96,705"
"97,22908"
"97,15206"
"97,9038"
"97,10131"
"97,5056"
"97,8551"
"97,13351"
"97,8407"
"97,16385"
"97,821"
"98,17226"
"98,6962"
"98,2275"
"98,16328"
"98,901"
"99,11809"
"99,17163"
"99,109"
"99,19409"
"99,425"
"99,9553"
"99,17963"
"99,10304"
"99,1777"
"100,25306"
"101,1641"
"101,23254"
"101,1401"
"101,18429"
"101,2635"
"101,1408"
"101,17995"
"101,1689"
"102,13609"
"102,836"
"102,27247"
"102,14053"
"102,1707"
"102,16665"
"102,26145"
"102,13115"
"102,8368"
"103,16228"
"103,16621"
"104,16687"
"104,12561"
"104,22399"
"105,1056"
"106,11591"
"106,27688"
"106,1108"
"106,11795"
"106,12991"
"106,27703"
"106,27251"
"106,26409"
"106,24754"
"106,9404"
"106,25155"
"106,911"
"106,17355"
"106,3411"
"106,1374"
"106,3349"
"106,26386"
"106,17383"
"106,341"
"106,14019"
"107,5004"
"107,16683"
"107,356"
"107,14104"
"107,1365"
"107,14507"
"107,3163"
"107,26804"
"107,22959"
"107,25165"
"107,8707"
"107,8525"
"108,20666"
"108,5978"
"108,14777"
"108,3123"
"108,11345"
"108,2305"
"108,24649"
"108,27254"
"108,1534"
"108,1016"
"108,27743"
"108,24265"
"108,20625"
"108,804"
"108,2146"
"108,5598"
"108,1967"
"109,442"
"109,8381"
"109,22123"
"109,25773"
"110,8057"
"110,27367"
"111,1942"
"111,6331"
"111,11604"
"111,5047"
"111,20365"
"111,7091"
"111,21154"
"111,9624"
"111,10952"
"111,19653"
"111,26265"
"112,7289"
"112,13972"
"113,24069"
"113,17422"
"113,25039"
"113,1529"
"113,4806"
"113,1648"
"113,9488"
"113,4992"
"113,11378"
"113,7956"
"113,262"
"113,11365"
"113,1263"
"113,17511"
"113,17952"
"113,24616"
"114,7308"
"115,11282"
"115,7513"
"115,8472"
"115,24659"
"115,19372"
"115,18471"
"115,11599"
"115,10956"
"115,26393"
"115,2677"
"115,2536"
"115,21203"
"115,2096"
"115,20558"
"115,17057"
"115,21315"
"115,23749"
"115,245"
"115,14534"
"115,11993"
"115,20162"
"115,16255"
"115,8405"
"115,20335"
"115,10559"
"115,14975"
"116,2212"
"116,16582"
"116,8244"
"116,245"
"116,9354"
"117,22987"
"117,4222"
"118,9026"
"118,26618"
"119,16152"
"120,25501"
"120,24864"
"121,19591"
"122,15761"
"122,8359"
"123,9701"
"124,3852"
"125,23249"
"125,17869"
"125,19805"
"125,18454"
"125,7809"
"126,18603"
"126,7584"
"126,13483"
"126,8167"
"126,14697"
"126,26824"
"126,22001"
"127,1782"
"127,3147"
"127,16955"
"127,21029"
"127,21746"
"127,18044"
"127,11989"
"127,7413"
"128,5398"
"128,9395"
"128,24419"
"128,3634"
"128,9992"
"128,3779"
"128,25165"
"128,18603"
"128,1142"
"128,5835"
"129,9871"
"129,9557"
"129,21424"
"129,8947"
"129,23389"
"129,14206"
"129,18605"
"129,20319"
"129,16434"
"129,5528"
"129,319"
"129,4666"
"129,20943"
"129,1292"
"129,4418"
"129,6894"
"129,18524"
"129,11631"
"129,1497"
"129,3261"
"130,23214"
"130,26417"
"130,16036"
"130,10042"
"130,4414"
"130,22729"
"130,1573"
"130,1664"
"130,24462"
"130,1614"
"130,24062"
"131,872"
"131,14399"
"131,27321"
"131,14378"
"131,1685"
"131,7488"
"131,10789"
"131,7816"
"132,21586"
"132,25597"
"132,17104"
"132,12681"
"132,9819"
"132,18995"
"132,6038"
"132,5045"
"133,9842"
"133,24069"
"134,24904"
"134,4722"
"134,9377"
"134,271"
"134,19313"
"134,22991"
"135,10244"
"135,6876"
"135,6517"
"135,12651"
"135,10833"
"135,9399"
"135,8511"
"135,25108"
"135,14689"
"136,26611"
"136,1541"
"136,24061"
"136,4385"
"137,14883"
"137,11552"
"137,6745"
"137,25699"
"137,1813"
"137,25927"
"137,3622"
"137,23809"
"137,12323"
"137,16795"
"137,25059"
"137,25533"
"138,723"
"139,19378"
"139,13738"
"139,10476"
"139,1142"
"139,28098"
"139,24592"
"139,14479"
"139,18603"
"139,2326"
"139,7158"
"140,15741"
"140,20956"
"140,9716"
"140,20947"
"140,1828"
"140,26405"
"140,23162"
"140,3761"
"140,25287"
"140,9992"
"140,8855"
"140,2007"
"140,26846"
"141,7091"
"141,17651"
"142,3919"
"142,8471"
"143,209"
"143,16571"
"143,21306"
"143,15625"
"143,93"
"143,26123"
"144,281"
"144,24516"
"145,15292"
"146,3762"
"147,18464"
"148,16194"
"148,19683"
"148,23257"
"148,20634"
"149,926"
"149,24828"
"150,14136"
"150,6722"
"150,7155"
"150,16151"
"150,583"
"150,9962"
"150,5468"
"151,21769"
"151,6914"
"151,12148"
"151,19313"
"151,17695"
"152,23038"
"152,7929"
"152,24954"
"152,6268"
"152,12597"
"152,25059"
"152,9234"
"152,916"
"153,21836"
"154,14954"
"154,19579"
"154,21919"
"154,24274"
"154,2064"
"154,16999"
"154,558"
"154,23574"
"154,12711"
"155,24326"
"155,14753"
"155,585"
"155,18101"
"155,11364"
"155,20757"
"155,16388"
"155,6001"
"155,20033"
"155,4343"
"155,8368"
"155,4845"
"155,19976"
"156,25433"
"157,8188"
"158,27382"
"158,11462"
"159,12264"
"160,12023"
"160,1961"
"160,1129"
"160,20008"
"160,13829"
"160,8319"
"160,11484"
"160,11814"
"160,4862"
"160,2327"
"160,1373"
"161,23455"
"161,4954"
"161,13131"
"161,9874"
"161,12196"
"161,1428"
"161,25273"
"161,2147"
"161,21138"
"161,10559"
"162,2634"
"163,17412"
"163,13603"
"164,24645"
"165,1828"
"165,14024"
"165,15986"
"165,5701"
"165,2895"
"166,3253"
"166,3958"
"166,1714"
"166,1908"
"166,15212"
"167,9431"
"168,17144"
"168,12966"
"168,26268"
"169,17561"
"169,4624"
"170,10767"
"171,18904"
"172,11634"
"173,14893"
"173,26273"
"173,3674"
"173,3046"
"173,6566"
"173,1249"
"173,9258"
"173,17052"
"173,15226"
"173,121"
"173,2037"
"173,13992"
"174,11092"
"175,25306"
"175,7254"
"175,24444"
"175,16957"
"175,17974"
"175,23277"
"175,26839"
"175,1609"
"175,13565"
"175,13132"
"175,1121"
"175,26161"
"175,795"
"175,10512"
"175,13895"
"175,2204"
"175,2629"
"175,7747"
"175,2763"
"175,23254"
"175,27821"
"175,27152"
"175,12257"
"175,17787"
"175,8873"
"175,13481"
"175,486"
"175,8143"
"175,26515"
"175,18047"
"175,3903"
"176,27606"
"176,7982"
"176,5979"
"176,1998"
"177,27686"
"177,6349"
"178,352"
"178,25112"
"178,13831"
"179,21248"
"179,27579"
"179,12357"
"179,2212"
"179,13282"
"179,729"
"179,23553"
"179,18099"
"179,8479"
"179,11076"
"179,1163"
"179,4539"
"180,14794"
"180,10337"
"180,5461"
"180,8931"
"180,23857"
"180,33"
"180,21079"
"180,11727"
"180,18216"
"180,5711"
"180,12405"
"180,5989"
"181,723"
"181,27007"
"181,19316"
"181,26435"
"182,25152"
"183,4473"
"183,745"
"183,26267"
"183,2306"
"183,17438"
"183,6654"
"183,22392"
"183,3287"
"183,22895"
"183,27851"
"183,25385"
"183,1289"
"183,16923"
"183,5929"
"183,4603"
"183,2339"
"184,22404"
"184,13225"
"184,14813"
"185,27105"
"185,5846"
"185,23185"
"185,4475"
"185,27461"
"185,10994"
"185,6182"
"186,26901"
"186,758"
"186,749"
"186,9621"
"186,4721"
"187,25241"
"187,12004"
"187,25397"
"187,3759"
"187,4051"
"187,24219"
"187,205"
"187,22105"
"187,16742"
"187,16639"
"187,14411"
"187,20116"
"187,20322"
"187,10208"
"187,3128"
"187,12424"
"187,16167"
"187,8242"
"187,24653"
"187,25086"
"188,26113"
"188,18367"
"188,17364"
"188,17739"
"188,5214"
"188,24275"
"188,1513"
"188,8101"
"188,10218"
"188,20131"
"188,24083"
"188,8669"
"189,6891"
"189,14243"
"190,2039"
"190,25638"
"190,25465"
"190,2263"
"191,11227"
"191,15754"
"191,24539"
"192,16374"
"192,13163"
"192,25638"
"192,5027"
"192,27275"
"193,6636"
"193,16957"
"193,10512"
"193,1604"
"193,495"
"193,1335"
"193,6177"
"193,24136"
"193,17743"
"193,8363"
"193,23932"
"193,17232"
"193,16908"
"193,4693"
"193,12257"
"193,10739"
"193,26143"
"193,6238"
"193,23083"
"193,27821"
"193,17847"
"193,21438"
"193,1609"
"194,10588"
"194,515"
"194,19872"
"194,23749"
"194,10209"
"194,705"
"194,397"
"194,7381"
"194,2676"
"194,23798"
"194,3115"
"194,15539"
"194,21875"
"194,4857"
"194,2002"
"195,23619"
"196,7915"
"196,16619"
"196,13442"
"196,12543"
"196,3678"
"196,3296"
"196,14055"
"196,9317"
"197,27886"
"197,755"
"197,7796"
"197,27179"
"197,27164"
"197,14513"
"197,377"
"197,896"
"197,4373"
"197,12793"
"198,24654"
"198,18"
"198,22602"
"198,22227"
"198,4394"
"198,15112"
"199,12484"
"199,14827"
"199,27118"
"199,412"
"199,22182"
"199,18658"
"199,22325"
"199,2449"
"200,21786"
"200,19935"
"200,5649"
"201,1244"
"201,20899"
"201,26682"
"201,13623"
"201,23115"
"201,26916"
"202,4639"
"202,9907"
"202,26397"
"202,16439"
"202,14606"
"202,144"
"203,1999"
"203,2152"
"203,1176"
"203,28074"
"203,12703"
"204,19941"
"204,8566"
"204,6898"
"204,22659"
"205,7277"
"205,5094"
"205,25729"
"205,7838"
"206,22135"
"207,27905"
"207,1648"
"207,417"
"207,21279"
"207,356"
"208,2118"
"208,216"
"209,3684"
"209,6949"
"209,25721"
"210,16797"
"210,24617"
"211,5913"
"211,832"
"211,2779"
"211,19735"
"211,14706"
"211,17331"
"211,12459"
"211,17141"
"211,3564"
"211,2388"
"211,28099"
"211,24965"
"211,7005"
"211,12262"
"212,7484"
"212,434"
"212,1866"
"212,5349"
"212,27489"
"213,1196"
"213,6477"
"213,1928"
"213,21147"
"213,494"
"213,6547"
"213,16263"
"213,3155"
"213,10618"
"214,22062"
"214,1967"
"214,11087"
"214,867"
"214,1878"
"214,18919"
"214,13096"
"214,18411"
"215,10115"
"215,21335"
"215,15875"
"215,7152"
"215,16501"
"215,1047"
"216,3865"
"216,971"
"217,8463"
"217,27257"
"217,2625"
"217,5734"
"217,27795"
"218,1925"
"218,5121"
"218,25902"
"218,13062"
"218,21137"
"218,19343"
"218,5973"
"218,25076"
"218,9832"
"218,8358"
"219,17637"
"220,13564"
"220,5339"
"220,11696"
"220,14228"
"220,128"
"220,1471"
"220,1948"
"220,11315"
"220,25219"
"220,9089"
"220,39"
"220,12551"
"220,26358"
"220,867"
"220,23469"
"220,13036"
"220,736"
"220,881"
"220,581"
"220,25397"
"220,17938"
"220,24904"
"220,8956"
"220,1727"
"220,26184"
"220,8397"
"220,3154"
"220,24263"
"220,4237"
"220,28056"
"220,2581"
"220,273"
"220,3872"
"220,19615"
"220,1468"
"220,1805"
"220,11953"
"220,20046"
"220,4498"
"220,5344"
"220,8478"
"221,20597"
"221,5458"
"221,867"
"221,20087"
"222,5832"
"222,594"
"222,24194"
"223,12377"
"223,8775"
"223,21849"
"223,20906"
"223,24618"
"224,22265"
"224,11312"
"224,2865"
"224,726"
"225,23879"
"225,7256"
"226,867"
"226,3807"
"227,7018"
"228,22876"
"229,7538"
"229,16155"
"229,20238"
"229,22225"
"229,5961"
"229,2427"
"229,8852"
"229,23395"
"229,18392"
"229,147"
"230,4076"
"230,1519"
"230,24208"
"230,15301"
"230,4245"
"230,1624"
"230,9254"
"230,25167"
"230,26985"
"230,183"
"231,3808"
"232,9324"
"233,16781"
"234,8912"
"234,831"
"234,20395"
"234,14364"
"234,20313"
"234,1878"
"234,4251"
"234,19827"
"235,5755"
"235,24509"
"236,25966"
"236,278"
"236,1854"
"237,5822"
"237,27974"
"237,27976"
"237,18976"
"237,26661"
"237,19374"
"237,2589"
"237,21008"
"237,19701"
"237,17379"
"237,20467"
"237,2023"
"237,711"
"237,16003"
"237,1058"
"237,18143"
"238,486"
"238,23768"
"239,8043"
"240,26024"
"240,14772"
"240,4642"
"240,545"
"240,7632"
"240,21503"
"240,1319"
"241,811"
"241,2281"
"241,9105"
"242,25699"
"242,1349"
"242,2721"
"242,4666"
"243,9962"
"243,3041"
"243,81"
"243,3437"
"244,10593"
"245,2145"
"245,7523"
"245,25272"
"245,2376"
"245,13699"
"245,7861"
"245,1699"
"245,11073"
"245,18927"
"245,7487"
"245,16582"
"245,15508"
"245,5585"
"245,2274"
"245,15572"
"245,14794"
"245,2592"
"245,27513"
"245,6454"
"245,6626"
"245,872"
"245,28211"
"245,19612"
"245,13472"
"245,18255"
"245,10826"
"245,7162"
"245,22889"
"245,2798"
"245,8923"
"245,9881"
"245,5546"
"246,18474"
"247,7031"
"247,17063"
"247,397"
"248,18369"
"248,7166"
"248,25368"
"248,11252"
"248,17696"
"248,19536"
"248,13195"
"249,2421"
"249,6489"
"250,9677"
"250,8356"
"250,144"
"250,14255"
"251,18097"
"251,557"
"251,21474"
"251,15178"
"251,21736"
"251,17782"
"251,11167"
"251,26081"
"252,23876"
"252,2675"
"253,28157"
"253,17607"
"253,14494"
"253,2779"
"253,19018"
"253,16433"
"253,24965"
"253,21225"
"253,12262"
"254,27395"
"254,15762"
"254,9351"
"255,518"
"255,2339"
"256,841"
"256,11248"
"256,12651"
"256,13574"
"256,5181"
"256,11443"
"256,21939"
"256,18423"
"256,13325"
"257,12228"
"257,15557"
"257,16053"
"257,6441"
"257,1065"
"257,14801"
"257,24344"
"257,3443"
"257,4735"
"257,10929"
"257,13878"
"257,17304"
"258,3002"
"258,2055"
"258,6649"
"258,5368"
"258,17919"
"258,25504"
"258,4181"
"258,14364"
"258,6955"
"259,20754"
"259,7481"
"259,7835"
"259,7977"
"259,26908"
"259,1359"
"259,22078"
"259,26314"
"259,17523"
"259,20586"
"259,21446"
"259,2143"
"259,972"
"259,2387"
"259,18318"
"259,1635"
"259,11261"
"259,5918"
"259,9843"
"259,2522"
"260,1574"
"261,21898"
"261,26756"
"261,9055"
"261,23197"
"261,1526"
"261,8356"
"261,5506"
"261,11614"
"261,14002"
"262,23369"
"262,16039"
"262,253"
"262,551"
"262,11323"
"262,9682"
"262,14183"
"262,11836"
"262,1412"
"262,15679"
"262,12274"
"262,28156"
"262,2721"
"262,783"
"262,19768"
"262,21696"
"263,15762"
"264,20467"
"264,1741"
"264,14987"
"264,13973"
"264,17789"
"265,12853"
"265,4646"
"265,28044"
"266,20791"
"266,3286"
"267,13659"
"268,22875"
"268,21909"
"268,22449"
"269,993"
"269,8336"
"269,26942"
"270,25651"
"270,4268"
"270,18281"
"270,26547"
"270,2098"
"270,24689"
"270,16184"
"271,27108"
"271,5874"
"271,17481"
"271,21753"
"271,9897"
"271,3859"
"271,17641"
"271,26736"
"271,8816"
"272,14104"
"272,3734"
"272,15293"
"272,21203"
"272,2546"
"272,14039"
"272,1792"
"272,3101"
"272,344"
"272,13495"
"272,8899"
"273,359"
"273,27508"
"273,515"
"273,648"
"273,5158"
"273,17457"
"273,4321"
"273,23884"
"273,24061"
"273,23736"
"274,9554"
"274,10352"
"274,11573"
"274,24586"
"274,13999"
"275,11009"
"275,18046"
"275,24965"
"275,994"
"275,14668"
"276,8391"
"277,26615"
"277,2818"
"277,1322"
"278,14611"
"278,7529"
"278,2522"
"278,21091"
"278,6078"
"278,22968"
"278,8973"
"279,11026"
"280,27278"
"280,1244"
"280,782"
"280,22025"
"280,23254"
"280,10687"
"280,13383"
"280,28044"
"281,4675"
"281,15754"
"281,23068"
"281,22827"
"281,14055"
"281,17933"
"282,4818"
"282,8184"
"282,824"
"282,1878"
"282,17863"
"282,5733"
"283,19783"
"283,7119"
"283,22716"
"283,23081"
"283,1921"
"283,9978"
"283,3229"
"283,22877"
"283,16274"
"284,3076"
"285,961"
"285,1865"
"285,438"
"285,2397"
"286,25933"
"286,20158"
"287,4119"
"287,5609"
"287,18462"
"287,13947"
"287,14555"
"287,19995"
"288,4107"
"288,3654"
"288,4821"
"288,20713"
"288,18706"
"288,24974"
"288,182"
"288,10251"
"288,21109"
"288,574"
"288,11295"
"288,3708"
"289,21804"
"289,22871"
"289,23363"
"289,24326"
"289,14158"
"289,25219"
"289,27155"
"289,25272"
"289,15047"
"289,13033"
"289,17848"
"289,418"
"289,2391"
"289,3356"
"289,23372"
"290,11059"
"291,1043"
"291,4827"
"291,8737"
"292,441"
"292,11942"
"292,5823"
"292,3928"
"292,3691"
"292,17325"
"292,4239"
"292,3296"
"292,2368"
"292,2781"
"292,729"
"292,20579"
"292,12377"
"292,14452"
"292,1431"
"292,1582"
"292,19534"
"292,10264"
"292,1163"
"292,17045"
"293,26994"
"293,4197"
"293,13255"
"293,4986"
"293,17485"
"293,21522"
"293,10701"
"293,12308"
"293,4018"
"293,13077"
"293,8074"
"294,12399"
"294,23345"
"294,17787"
"294,10747"
"295,509"
"295,1321"
"295,13078"
"295,27381"
"295,1382"
"295,25813"
"295,1104"
"295,16503"
"295,8219"
"295,11484"
"296,19008"
"296,27373"
"296,8184"
"297,15751"
"297,3218"
"297,27901"
"297,17637"
"297,2232"
"298,9864"
"299,24069"
"299,17422"
"300,8157"
"300,397"
"300,3366"
"300,6377"
"300,27624"
"300,334"
"300,9381"
"300,14257"
"300,11045"
"300,7965"
"300,1172"
"300,19183"
"301,24412"
"302,13289"
"302,25986"
"302,16984"
"302,27263"
"302,21296"
"302,4194"
"302,8024"
"303,21438"
"303,8846"
"303,19712"
"303,17963"
"303,20171"
"303,4155"
"303,17664"
"304,7059"
"305,2671"
"305,20479"
"305,22039"
"305,26203"
"306,22679"
"306,18941"
"306,26405"
"307,856"
"307,23548"
"307,18818"
"308,2494"
"308,7018"
"308,15054"
"308,15213"
"309,23997"
"309,16141"
"309,19948"
"309,16455"
"309,24288"
"309,5731"
"309,18914"
"309,15064"
"309,14753"
"309,18319"
"309,1719"
"309,11295"
"309,7492"
"309,3808"
"310,18963"
"311,7277"
"312,411"
"312,15225"
"312,27705"
"312,7748"
"312,1438"
"312,4823"
"312,27756"
"313,23193"
"313,2943"
"313,18224"
"313,7375"
"313,19829"
"313,18475"
"313,20092"
"313,18249"
"313,27221"
"313,9699"
"313,2339"
"313,10927"
"313,18251"
"313,18938"
"313,10935"
"313,21057"
"314,23082"
"314,16184"
"314,16948"
"314,13141"
"314,4498"
"314,12259"
"314,11503"
"314,8148"
"314,1944"
"314,11181"
"314,10033"
"314,12608"
"315,3676"
"315,2692"
"316,10326"
"317,27689"
"318,15464"
"319,21633"
"319,21424"
"319,23454"
"319,18001"
"319,24314"
"319,21811"
"319,21171"
"319,15606"
"319,1293"
"319,14835"
"319,15822"
"319,465"
"319,25185"
"319,1121"
"319,24669"
"320,473"
"320,17142"
"321,15441"
"321,12988"
"321,17757"
"321,1537"
"322,7096"
"322,23032"
"322,11552"
"322,23474"
"323,7015"
"323,14555"
"323,3592"
"324,4782"
"324,16126"
"324,4067"
"324,8818"
"324,146"
"325,17034"
"325,5063"
"325,9512"
"325,8857"
"325,24158"
"326,18812"
"326,4216"
"327,18084"
"327,7763"
"327,25998"
"327,26807"
"327,9944"
"327,20578"
"327,25962"
"327,23553"
"327,16963"
"327,2759"
"327,12352"
"327,22205"
"327,10815"
"327,20615"
"327,2012"
"327,1103"
"327,18541"
"327,1547"
"327,11463"
"327,12474"
"327,3666"
"327,15808"
"327,4671"
"327,21244"
"328,21438"
"329,2324"
"330,765"
"331,27468"
"331,5393"
"331,19367"
"331,25033"
"331,25006"
"331,14962"
"331,11211"
"332,22117"
"332,3958"
"332,265"
"332,14469"
"332,24557"
"332,14125"
"332,569"
"333,1878"
"333,13618"
"333,1387"
"334,16732"
"334,7965"
"334,14254"
"334,626"
"334,3167"
"334,1253"
"334,14809"
"334,9959"
"334,11262"
"334,21407"
"334,7031"
"334,13038"
"334,5166"
"334,15402"
"334,5601"
"334,6377"
"334,16584"
"334,13527"
"334,705"
"334,11045"
"334,18669"
"334,21617"
"335,20679"
"335,20157"
"336,14484"
"336,1099"
"336,261"
"337,21436"
"337,13935"
"337,9404"
"337,9717"
"337,515"
"337,16241"
"337,7368"
"337,7595"
"337,9013"
"337,23531"
"338,27957"
"339,11248"
"339,2307"
"339,3928"
"339,1887"
"339,12489"
"339,4098"
"339,4532"
"339,18411"
"340,24069"
"340,6604"
"340,22216"
"340,14242"
"340,25274"
"340,21893"
"340,1741"
"340,12881"
"340,8806"
"340,24953"
"340,12179"
"340,164"
"340,10075"
"340,23838"
"340,2037"
"340,396"
"340,20081"
"340,4445"
"341,19618"
"341,9605"
"341,11107"
"341,24415"
"341,2812"
"341,7484"
"341,20442"
"341,9095"
"341,25197"
"341,22061"
"341,7114"
"341,21481"
"341,24069"
"341,20724"
"341,13212"
"341,19732"
"341,173"
"341,17375"
"341,12064"
"341,22907"
"341,15789"
"341,20162"
"341,26476"
"341,2373"
"341,10767"
"341,406"
"341,27746"
"341,7079"
"341,22551"
"341,261"
"341,6965"
"341,5756"
"341,19483"
"341,5301"
"341,27986"
"341,2483"
"341,20648"
"341,1222"
"341,10956"
"341,23338"
"341,25986"
"341,9465"
"341,2954"
"341,7726"
"341,14016"
"341,15695"
"341,9799"
"341,14796"
"341,7159"
"341,26587"
"341,1477"
"341,5288"
"341,23455"
"341,9583"
"341,4265"
"341,16878"
"341,26656"
"341,8781"
"341,17823"
"342,11076"
"342,758"
"342,25639"
"343,11809"
"343,2415"
"343,21843"
"343,257"
"343,24023"
"343,28044"
"343,21372"
"343,4328"
"344,27118"
"344,28006"
"344,975"
"344,27545"
"344,18557"
"344,16383"
"344,5303"
"344,22654"
"344,1642"
"344,11009"
"344,19333"
"344,19779"
"344,23643"
"344,3306"
"344,9285"
"345,13564"
"345,2919"
"345,8457"
"345,356"
"345,9923"
"345,16493"
"345,22507"
"345,22382"
"345,7998"
"345,12261"
"345,4571"
"345,2264"
"345,24148"
"345,23775"
"345,66"
"345,23629"
"345,5505"
"346,2969"
"346,7515"
"346,9613"
"346,26436"
"346,24011"
"346,20938"
"346,3689"
"346,20496"
"346,2398"
"346,12569"
"346,27745"
"347,25174"
"347,15664"
"347,4165"
"347,8974"
"347,23379"
"347,2302"
"347,24879"
"347,18442"
"348,2533"
"348,10836"
"348,26597"
"348,3955"
"348,127"
"349,25598"
"349,12409"
"349,6794"
"349,13536"
"349,9779"
"349,14108"
"349,8961"
"349,5521"
"349,11694"
"350,1925"
"351,6253"
"351,26796"
"351,24885"
"351,16949"
"352,5284"
"352,2881"
"353,236"
"353,14778"
"353,27535"
"353,19582"
"353,10146"
"353,4329"
"353,25042"
"353,485"
"353,24718"
"353,18378"
"353,13942"
"353,11047"
"353,1702"
"354,19868"
"354,6555"
"354,24076"
"354,22842"
"355,10326"
"355,27882"
"355,7517"
"355,5832"
"355,16389"
"355,8926"
"355,27544"
"356,6957"
"356,593"
"356,23318"
"356,16493"
"356,27844"
"356,21053"
"356,28115"
"356,5332"
"356,275"
"356,25165"
"356,5989"
"356,6099"
"357,17984"
"358,16202"
"358,11989"
"358,11644"
"359,13472"
"359,17615"
"359,568"
"359,27508"
"359,18521"
"359,17457"
"359,11626"
"359,9239"
"359,14533"
"360,17372"
"360,21446"
"360,7835"
"360,1397"
"360,13745"
"360,18318"
"360,20657"
"361,2424"
"361,7626"
"362,17614"
"363,14084"
"363,2787"
"364,9082"
"364,11229"
"364,411"
"364,20069"
"364,2427"
"365,25435"
"365,5782"
"365,4892"
"365,17604"
"365,2157"
"366,1297"
"367,15842"
"367,5611"
"367,7404"
"367,13486"
"367,17889"
"368,2182"
"368,4671"
"369,19739"
"369,12642"
"369,1108"
"369,2204"
"369,1275"
"369,23298"
"369,14129"
"369,12399"
"369,21987"
"369,27788"
"369,5984"
"369,12726"
"369,2451"
"369,641"
"369,1435"
"369,26554"
"369,24422"
"369,1158"
"369,9404"
"369,7166"
"369,18679"
"369,6348"
"369,3753"
"369,24444"
"369,15401"
"369,2986"
"369,14995"
"369,13216"
"369,2272"
"369,23708"
"369,27821"
"369,17787"
"369,26503"
"369,1408"
"369,495"
"369,15609"
"369,9572"
"370,4439"
"370,5058"
"371,25163"
"372,18142"
"373,4916"
"373,7237"
"373,445"
"373,19455"
"374,17485"
"374,4136"
"374,18051"
"374,3159"
"374,14342"
"374,6705"
"374,1381"
"374,14801"
"374,24936"
"374,27918"
"375,19032"
"376,15452"
"377,14513"
"377,21491"
"378,7162"
"378,8806"
"379,18755"
"379,1589"
"380,944"
"380,17063"
"380,19584"
"381,15015"
"381,27462"
"381,7497"
"381,1507"
"381,11746"
"381,8751"
"381,15693"
"381,24589"
"381,881"
"381,5082"
"382,20345"
"382,19566"
"382,4081"
"382,6426"
"382,1818"
"382,8781"
"383,2183"
"383,1925"
"384,3446"
"384,3819"
"384,3762"
"384,6541"
"384,6399"
"384,14407"
"384,25277"
"384,15838"
"384,9574"
"384,12054"
"384,21828"
"385,972"
"385,23169"
"386,17991"
"386,17747"
"387,6253"
"387,6166"
"387,10041"
"387,2542"
"387,25459"
"387,25402"
"387,18985"
"387,3641"
"388,9703"
"388,23112"
"388,4623"
"388,18973"
"389,18164"
"389,7198"
"389,13603"
"390,21668"
"390,4966"
"390,16992"
"390,21349"
"391,11584"
"391,28058"
"391,9833"
"391,2087"
"391,3377"
"391,1768"
"391,12481"
"391,5468"
"391,15684"
"391,864"
"391,9962"
"392,1456"
"392,4296"
"392,25978"
"393,21462"
"393,9358"
"393,994"
"393,3944"
"393,6789"
"393,9025"
"393,16197"
"393,9296"
"393,7725"
"393,20836"
"393,1618"
"393,16373"
"393,2555"
"393,3544"
"393,22519"
"393,27391"
"394,9481"
"395,8219"
"395,11484"
"396,6626"
"396,16013"
"396,16875"
"396,9106"
"396,11107"
"396,1521"
"396,9465"
"396,20081"
"396,553"
"396,3622"
"396,596"
"396,13984"
"396,9327"
"396,18115"
"396,18069"
"396,15695"
"396,1725"
"396,21288"
"396,24069"
"396,2086"
"396,3314"
"396,7469"
"396,3285"
"396,12881"
"396,16806"
"396,772"
"396,13525"
"396,10272"
"396,5115"
"396,1558"
"396,9356"
"396,19456"
"396,27746"
"396,27849"
"396,1159"
"396,25197"
"396,5756"
"396,14266"
"396,18867"
"396,9361"
"396,21929"
"396,14225"
"396,3473"
"396,26418"
"396,3997"
"396,9799"
"396,15809"
"396,5219"
"396,8057"
"396,1252"
"396,13494"
"396,1978"
"396,15713"
"396,18538"
"396,2682"
"396,16276"
"396,23492"
"396,7159"
"396,1895"
"396,26587"
"396,8855"
"396,26034"
"396,15603"
"396,7988"
"396,17874"
"396,9226"
"396,24448"
"396,2696"
"396,6906"
"396,24329"
"396,1795"
"396,2798"
"396,19618"
"396,8781"
"396,8435"
"396,7758"
"396,8806"
"396,11975"
"396,4579"
"396,24415"
"396,16582"
"396,22415"
"396,6876"
"396,8246"
"396,5907"
"396,25571"
"396,20845"
"396,26053"
"396,7114"
"396,26341"
"396,20258"
"396,20479"
"396,10863"
"396,9616"
"396,20373"
"396,15376"
"396,13303"
"396,173"
"396,462"
"396,3576"
"396,12064"
"396,2246"
"396,22907"
"396,1828"
"396,23365"
"396,10826"
"396,23823"
"396,19041"
"396,15286"
"396,2787"
"396,13212"
"396,5888"
"396,21159"
"396,1264"
"396,261"
"396,23127"
"396,10542"
"396,1065"
"396,3699"
"396,22296"
"396,897"
"396,19952"
"396,10956"
"396,5503"
"396,13091"
"396,3372"
"396,649"
"396,20281"
"396,5937"
"396,21149"
"396,21258"
"396,5408"
"396,22216"
"396,10015"
"396,27737"
"396,19254"
"396,28179"
"396,27795"
"396,9534"
"396,8772"
"396,19732"
"396,4519"
"396,5087"
"396,18924"
"396,27235"
"396,18507"
"396,3374"
"396,17823"
"396,11122"
"396,1814"
"396,20301"
"397,27657"
"397,16238"
"398,23418"
"398,2236"
"399,24836"
"400,14111"
"400,15201"
"400,16277"
"400,10654"
"400,22052"
"400,4207"
"400,17902"
"400,16865"
"400,8403"
"400,20136"
"400,1408"
"400,3269"
"400,14793"
"401,23085"
"401,3961"
"401,4456"
"401,281"
"401,26528"
"401,10756"
"401,25634"
"401,17165"
"401,22112"
"401,22476"
"401,1677"
"401,2557"
"401,10309"
"401,28128"
"401,17779"
"401,3944"
"401,9495"
"401,18736"
"401,1159"
"401,21766"
"401,28163"
"401,8402"
"401,18565"
"401,9245"
"401,13208"
"402,15996"
"403,966"
"403,9528"
"403,11047"
"403,16867"
"403,13309"
"404,24069"
"404,25875"
"404,3169"
"405,13828"
"405,1528"
"405,17584"
"406,14976"
"406,19952"
"406,28035"
"406,1252"
"406,3859"
"406,16582"
"406,11975"
"406,24069"
"406,27819"
"406,17489"
"406,6626"
"406,12149"
"406,15695"
"406,20758"
"406,21352"
"406,2882"
"406,3526"
"406,1477"
"406,1159"
"406,5343"
"406,22415"
"406,22216"
"406,25986"
"406,9465"
"406,9881"
"406,12059"
"406,27746"
"406,7981"
"406,23492"
"406,7484"
"406,13363"
"406,24406"
"406,17874"
"406,4299"
"406,21675"
"406,21887"
"406,9095"
"406,14758"
"406,8806"
"406,5031"
"406,9605"
"406,24415"
"406,5371"
"406,12433"
"406,1048"
"406,22557"
"406,26601"
"406,26053"
"406,13091"
"406,505"
"406,21481"
"406,20258"
"406,13212"
"406,15376"
"406,7881"
"406,24329"
"406,2191"
"406,23365"
"406,7341"
"406,3354"
"406,23823"
"406,9361"
"406,676"
"406,4519"
"406,261"
"406,13105"
"406,12645"
"406,1574"
"406,4741"
"406,20281"
"406,2841"
"406,14242"
"406,15429"
"406,16446"
"406,9752"
"406,1641"
"406,7954"
"406,867"
"406,16671"
"406,1895"
"406,5288"
"406,649"
"406,6055"
"406,365"
"406,17823"
"407,24864"
"408,14492"
"409,8042"
"410,17051"
"410,8471"
"411,15388"
"411,16748"
"411,21674"
"411,12689"
"411,3793"
"411,5824"
"412,14031"
"413,541"
"413,17017"
"413,24306"
"413,1346"
"414,14101"
"414,16803"
"414,2069"
"414,19411"
"414,6498"
"414,8776"
"415,22205"
"415,26174"
"416,16718"
"416,217"
"416,27751"
"416,25991"
"416,27129"
"416,16509"
"416,11727"
"416,11922"
"416,24395"
"416,13405"
"416,1567"
"416,14807"
"416,5274"
"416,20931"
"417,18196"
"417,23921"
"417,1502"
"418,24916"
"418,20957"
"418,12079"
"418,9468"
"418,25895"
"418,16306"
"418,27438"
"418,26011"
"418,10971"
"418,1436"
"418,14502"
"418,19497"
"418,20102"
"418,211"
"418,19889"
"418,2251"
"419,21794"
"420,3835"
"420,2458"
"420,2482"
"420,22848"
"420,11072"
"420,24991"
"420,19182"
"420,19068"
"421,18384"
"421,17601"
"421,1302"
"421,4373"
"421,14358"
"421,15734"
"421,20054"
"421,14557"
"421,693"
"421,1398"
"421,1045"
"421,19383"
"422,6913"
"422,2329"
"422,13892"
"422,16369"
"422,6972"
"422,3463"
"423,1026"
"423,11746"
"423,5549"
"423,4257"
"423,11777"
"423,1101"
"424,23736"
"424,2274"
"424,5494"
"424,1039"
"424,20935"
"424,28158"
"424,6131"
"424,26074"
"424,15239"
"424,516"
"424,7956"
"424,15964"
"424,918"
"424,8091"
"424,3378"
"424,21209"
"424,22693"
"424,16333"
"424,4033"
"424,7762"
"424,21739"
"424,10792"
"424,16311"
"424,25468"
"424,5308"
"424,7423"
"424,16715"
"425,6177"
"425,8999"
"425,23254"
"425,8116"
"425,12023"
"425,7534"
"425,735"
"425,6215"
"425,1009"
"425,2555"
"425,16402"
"425,14809"
"425,9553"
"425,6072"
"425,741"
"425,8416"
"425,7885"
"425,17892"
"425,7894"
"425,15019"
"425,7455"
"425,25137"
"425,20008"
"425,10684"
"425,15543"
"425,19548"
"425,11444"
"425,11558"
"425,4328"
"425,21823"
"425,20016"
"425,19903"
"425,27253"
"425,17861"
"426,22857"
"426,20441"
"426,27865"
"426,11884"
"426,25405"
"426,25555"
"426,808"
"426,23365"
"426,2556"
"426,24477"
"426,1852"
"426,1541"
"426,915"
"426,10935"
"426,17214"
"427,26765"
"428,13719"
"428,24004"
"428,1181"
"428,17237"
"428,1834"
"428,7151"
"428,6845"
"428,16069"
"428,1823"
"428,25449"
"428,26382"
"428,3902"
"428,5986"
"428,28174"
"428,15669"
"428,21711"
"428,891"
"428,6643"
"428,1413"
"429,11928"
"429,18073"
"429,6798"
"429,16527"
"429,9532"
"429,519"
"429,15711"
"429,3773"
"429,9525"
"430,27118"
"430,4087"
"430,6957"
"430,484"
"430,7341"
"430,13491"
"430,21048"
"430,22292"
"430,10748"
"430,6268"
"430,1925"
"431,2542"
"431,14568"
"432,8171"
"432,19507"
"433,3873"
"434,11671"
"435,15001"
"435,25978"
"435,15304"
"435,15436"
"435,10408"
"436,22998"
"437,25696"
"437,9938"
"437,1832"
"437,20204"
"437,18672"
"437,27024"
"438,961"
"438,2925"
"438,10778"
"438,4573"
"438,12313"
"438,3915"
"438,1966"
"438,18472"
"438,27847"
"438,24789"
"439,7856"
"439,8866"
"439,13048"
"439,16265"
"439,4752"
"439,534"
"439,10694"
"439,23123"
"439,11987"
"439,24809"
"439,15851"
"439,26194"
"439,2753"
"439,10427"
"439,12319"
"439,2531"
"439,20068"
"439,17"
"439,20924"
"439,21264"
"439,17978"
"439,9456"
"439,7253"
"439,8994"
"439,3286"
"439,6413"
"439,2044"
"439,4641"
"440,4743"
"440,8959"
"441,14419"
"441,5289"
"441,26505"
"441,651"
"441,25875"
"441,7288"
"441,26363"
"441,22605"
"441,18033"
"441,19629"
"441,13374"
"441,1582"
"441,3341"
"441,12008"
"441,27655"
"441,12235"
"442,19298"
"442,11978"
"442,893"
"442,7728"
"443,4535"
"443,811"
"443,8898"
"443,18361"
"443,17114"
"443,23518"
"443,3204"
"443,24266"
"443,19775"
"443,5153"
"443,22866"
"443,9281"
"443,13757"
"444,17659"
"444,23107"
"445,15088"
"445,18051"
"446,5977"
"446,12153"
"446,2811"
"446,17145"
"446,16112"
"446,2359"
"446,26293"
"446,27175"
"446,14959"
"447,25382"
"448,1331"
"448,25771"
"448,1556"
"448,26499"
"448,19429"
"448,22114"
"448,19356"
"448,14872"
"448,1016"
"448,2291"
"448,2785"
"448,3101"
"448,11184"
"448,23128"
"448,19947"
"448,2349"
"448,8113"
"448,25399"
"448,2342"
"448,15973"
"448,7813"
"448,1707"
"449,185"
"449,6728"
"449,4737"
"449,3638"
"449,1102"
"449,14794"
"450,20689"
"451,10533"
"451,2191"
"452,472"
"452,17818"
"453,14817"
"454,2915"
"454,20922"
"454,27042"
"454,9978"
"454,7148"
"454,22793"
"455,25116"
"455,19327"
"456,17254"
"456,11026"
"457,7473"
"457,19746"
"457,4834"
"457,7003"
"457,16686"
"458,448"
"458,8715"
"458,5112"
"458,19639"
"459,11642"
"459,23048"
"460,22516"
"460,25902"
"460,13062"
"460,27668"
"460,1925"
"461,5283"
"461,23388"
"461,6911"
"461,13376"
"461,14555"
"461,5496"
"461,23227"
"462,19127"
"462,24957"
"463,17164"
"463,26364"
"463,24042"
"464,22748"
"464,21767"
"464,7696"
"464,5595"
"464,1232"
"464,1528"
"465,1702"
"465,14953"
"465,21761"
"465,19171"
"465,22183"
"465,4954"
"465,9251"
"465,25404"
"465,17262"
"466,18904"
"467,8"
"468,2563"
"468,6809"
"469,19696"
"470,83"
"471,2764"
"471,25052"
"471,19688"
"471,10863"
"472,24774"
"473,19038"
"473,11344"
"473,581"
"473,26147"
"473,16679"
"473,3649"
"473,17165"
"473,22255"
"473,124"
"473,10146"
"473,18736"
"473,14228"
"473,20754"
"473,21723"
"473,1579"
"473,11696"
"473,2769"
"473,1418"
"473,21766"
"473,21849"
"473,24392"
"473,4817"
"473,11953"
"473,16627"
"474,14685"
"474,9254"
"474,1435"
"474,4476"
"474,669"
"474,1519"
"474,24208"
"475,1748"
"475,6625"
"475,21261"
"475,9316"
"475,27015"
"475,17967"
"476,6241"
"476,22329"
"476,11111"
"476,18356"
"477,25826"
"477,27721"
"477,25929"
"477,2461"
"477,15733"
"477,23416"
"478,2323"
"478,21166"
"478,7049"
"478,22739"
"478,1218"
"478,2646"
"478,22885"
"478,197"
"478,27587"
"478,13459"
"478,2229"
"478,17177"
"478,1656"
"478,19171"
"478,18627"
"478,11553"
"478,12412"
"478,21401"
"478,14475"
"478,1565"
"478,17152"
"478,14657"
"478,19346"
"478,25956"
"479,12417"
"479,135"
"479,25673"
"479,3126"
"479,21693"
"480,24904"
"481,3762"
"481,11009"
"481,2596"
"481,9236"
"481,16071"
"481,7183"
"481,1544"
"481,25232"
"481,8751"
"481,19347"
"481,22784"
"481,23333"
"481,20527"
"481,22688"
"481,26438"
"481,4974"
"481,949"
"481,19362"
"481,14583"
"481,18394"
"482,1948"
"482,419"
"482,6633"
"482,1722"
"482,19712"
"483,734"
"483,15216"
"484,11692"
"484,13235"
"484,14473"
"485,22425"
"485,236"
"485,24057"
"485,8814"
"485,2518"
"485,18425"
"485,2067"
"485,1702"
"485,18713"
"485,17742"
"485,8852"
"485,13292"
"485,20611"
"485,20802"
"485,6914"
"485,5989"
"485,12855"
"485,21633"
"485,6269"
"485,14672"
"485,24127"
"485,3734"
"485,27969"
"485,14024"
"485,10405"
"485,1033"
"485,24131"
"485,23799"
"485,3892"
"486,2075"
"486,353"
"487,58"
"487,1672"
"487,23721"
"487,22892"
"488,8924"
"488,4054"
"488,4636"
"488,3805"
"488,5953"
"488,23519"
"488,9091"
"489,10934"
"489,11202"
"490,21616"
"490,9336"
"490,749"
"490,8753"
"490,12997"
"490,15365"
"490,16987"
"490,12748"
"490,22761"
"490,14033"
"491,28074"
"491,24322"
"491,19846"
"492,8966"
"492,19467"
"492,20172"
"492,6998"
"492,26038"
"492,4717"
"492,6612"
"493,11688"
"493,22872"
"494,6477"
"494,6578"
"494,17583"
"494,21147"
"494,824"
"494,28193"
"494,10618"
"494,15437"
"495,6177"
"495,22269"
"495,5262"
"495,8846"
"495,782"
"495,23298"
"495,18679"
"495,19817"
"495,22416"
"495,23277"
"495,20891"
"495,1006"
"495,15619"
"495,26503"
"495,12726"
"495,76"
"495,9215"
"495,19086"
"495,5327"
"495,18369"
"495,19853"
"495,5984"
"495,12472"
"495,15676"
"495,27596"
"495,1604"
"495,27821"
"495,23932"
"495,4101"
"495,9454"
"495,15201"
"495,2461"
"495,7075"
"495,11923"
"495,12708"
"495,4693"
"495,1401"
"495,12598"
"495,7595"
"495,4634"
"495,11551"
"495,26311"
"495,10739"
"495,18533"
"495,14243"
"495,23345"
"495,3665"
"495,27563"
"495,8318"
"495,15611"
"495,5717"
"495,17902"
"495,27484"
"496,12253"
"496,271"
"497,25232"
"497,17785"
"497,24287"
"497,9424"
"497,212"
"497,11296"
"497,21776"
"498,872"
"498,2557"
"498,3361"
"498,22425"
"498,1971"
"498,21589"
"498,4645"
"498,12564"
"498,4806"
"499,6195"
"499,26438"
"499,3439"
"499,22427"
"500,23935"
"501,15031"
"501,27722"
"501,21768"
"501,24656"
"501,1661"
"501,22274"
"502,4567"
"503,3126"
"503,18504"
"504,2393"
"505,16983"
"505,9086"
"505,10594"
"505,26546"
"505,11755"
"505,16629"
"505,21481"
"505,2518"
"505,16582"
"505,23606"
"505,897"
"505,10027"
"505,237"
"505,5434"
"505,21459"
"505,9465"
"505,6221"
"505,16656"
"505,25732"
"505,22925"
"505,14014"
"505,24205"
"505,20258"
"505,22216"
"505,877"
"505,6058"
"505,8182"
"505,20235"
"505,959"
"505,13373"
"505,20205"
"505,21149"
"505,15376"
"505,4519"
"505,14677"
"505,1397"
"505,13882"
"505,27087"
"505,15196"
"505,9762"
"505,5496"
"505,20384"
"506,9717"
"507,16557"
"507,15276"
"508,1579"
"508,2341"
"508,6508"
"509,23521"
"509,25987"
"509,7258"
"509,10726"
"509,27705"
"509,5196"
"509,27085"
"509,11545"
"509,5996"
"509,2601"
"509,7375"
"509,10197"
"509,7002"
"509,20313"
"509,6879"
"509,6753"
"509,9333"
"510,8985"
"510,5684"
"510,17094"
"510,5079"
"511,4178"
"512,20558"
"512,4551"
"512,14534"
"512,20235"
"512,20409"
"512,10954"
"512,8038"
"512,7423"
"513,7179"
"513,25286"
"514,4325"
"514,3019"
"514,24095"
"514,27814"
"514,8948"
"514,17692"
"514,14344"
"514,18945"
"514,1171"
"514,10124"
"514,21291"
"514,2201"
"514,21988"
"514,11039"
"514,24158"
"514,25034"
"514,24229"
"514,925"
